keyword,volume,kd,cpc,ai_overview,image_pack,page_type,artifact,occasion,target_url,recommendation
party invitation template,3600,49,0.60,no,yes,artifact-hub,invitation,,/invitations/,SKIP-KD
birthday party invitation template,2900,52,0.59,no,yes,combination,invitation,birthday,/birthday/invitations/,SKIP-KD
graduation party invitation template,2900,40,1.39,no,yes,combination,invitation,graduation,/graduation/invitations/,BUILD-2
graduation party invites template,1600,40,1.39,no,yes,combination,invitation,graduation,/graduation/invitations/,BUILD-2
party invitation templates,1300,49,0.54,no,yes,artifact-hub,invitation,,/invitations/,SKIP-KD
party invite template,1300,37,0.54,no,yes,artifact-hub,invitation,,/invitations/,BUILD-2
birthday party invites template,1000,56,0.58,no,yes,combination,invitation,birthday,/birthday/invitations/,SKIP-KD
free party invitation templates,1000,41,0.54,no,yes,artifact-hub,invitation,,/invitations/,SKIP-KD
grad party invite templates,1000,47,1.39,no,yes,combination,invitation,graduation,/graduation/invitations/,SKIP-KD
happy birthday banner printable,1000,22,0.46,no,yes,combination,banner,birthday,/birthday/banners/,BUILD-1
christmas party invitation template free,880,28,0.50,no,yes,combination,invitation,christmas,/christmas/invitations/,BUILD-1
free christmas party invitation template,880,30,0.50,no,yes,combination,invitation,christmas,/christmas/invitations/,BUILD-1
halloween party invitation template,880,35,0.00,no,yes,combination,invitation,halloween,/halloween/invitations/,BUILD-2
printable happy birthday banner,880,35,0.46,no,yes,combination,banner,birthday,/birthday/banners/,BUILD-2
birthday party invitation templates,720,50,0.59,no,yes,combination,invitation,birthday,/birthday/invitations/,SKIP-KD
birthday party invite template,720,43,0.59,no,yes,combination,invitation,birthday,/birthday/invitations/,SKIP-KD
christmas party invitation template,720,36,0.44,no,yes,combination,invitation,christmas,/christmas/invitations/,BUILD-2
free christmas party invitation templates,720,39,0.50,no,yes,combination,invitation,christmas,/christmas/invitations/,BUILD-2
free template party invitation,720,38,0.54,no,yes,artifact-hub,invitation,,/invitations/,BUILD-2
party invitation templates free,720,59,0.54,no,yes,artifact-hub,invitation,,/invitations/,SKIP-KD
pool party invitation template,720,32,0.50,no,yes,combination,invitation,pool,/pool/invitations/,BUILD-2
printable party invitations,720,47,1.16,yes,yes,artifact-hub,invitation,,/invitations/,SKIP-AIO
free birthday party invitation templates,590,42,0.45,no,yes,combination,invitation,birthday,/birthday/invitations/,SKIP-KD
grad party invitation template,590,31,1.39,no,yes,combination,invitation,graduation,/graduation/invitations/,BUILD-2
graduation party invites templates,590,47,1.39,no,yes,combination,invitation,graduation,/graduation/invitations/,SKIP-KD
housewarming party invitation template,590,33,0.49,no,yes,combination,invitation,housewarming,/housewarming/invitations/,BUILD-2
birthday party invitation template free,480,46,0.45,no,yes,combination,invitation,birthday,/birthday/invitations/,SKIP-KD
grad party invites templates,480,45,1.30,no,yes,combination,invitation,graduation,/graduation/invitations/,SKIP-KD
graduation party invite template,480,49,1.39,no,yes,combination,invitation,graduation,/graduation/invitations/,SKIP-KD
happy birthday printable banner,480,26,0.46,no,yes,combination,banner,birthday,/birthday/banners/,BUILD-1
holiday party invitation template,480,33,0.00,no,yes,artifact-hub,invitation,,/invitations/,BUILD-2
party invitations templates,480,51,0.60,no,yes,artifact-hub,invitation,,/invitations/,SKIP-KD
pool party invite template,480,29,0.50,no,yes,combination,invitation,pool,/pool/invitations/,BUILD-1
printable party games for christmas,480,4,0.00,yes,no,combination,game,christmas,/christmas/games/,SKIP-AIO
retirement party invitation template,480,24,0.54,no,yes,combination,invitation,retirement,/retirement/invitations/,BUILD-1
birthday party invitations templates,390,43,0.59,no,yes,combination,invitation,birthday,/birthday/invitations/,SKIP-KD
christmas party invitation templates,390,45,0.44,no,yes,combination,invitation,christmas,/christmas/invitations/,SKIP-KD
christmas party invite template,390,33,0.93,no,yes,combination,invitation,christmas,/christmas/invitations/,BUILD-2
free graduation party invite template,390,29,0.68,no,no,combination,invitation,graduation,/graduation/invitations/,BUILD-1
free invitation templates for graduation party,390,32,0.68,no,no,combination,invitation,graduation,/graduation/invitations/,BUILD-2
free party invitation template,390,45,0.44,no,yes,artifact-hub,invitation,,/invitations/,SKIP-KD
halloween party invite template,390,35,0.00,no,yes,combination,invitation,halloween,/halloween/invitations/,BUILD-2
invitation party template,390,48,0.60,no,yes,artifact-hub,invitation,,/invitations/,SKIP-KD
party invite template free,390,47,0.54,no,yes,artifact-hub,invitation,,/invitations/,SKIP-KD
pool party invitations templates free,390,34,0.34,no,yes,combination,invitation,pool,/pool/invitations/,BUILD-2
christmas party games printable,320,13,0.00,yes,yes,combination,game,christmas,/christmas/games/,SKIP-AIO
free grad party invitation templates,320,39,0.68,no,yes,combination,invitation,graduation,/graduation/invitations/,BUILD-2
free printable happy birthday banner,320,19,0.00,no,yes,combination,banner,birthday,/birthday/banners/,BUILD-1
grad party invite template,320,33,1.39,no,yes,combination,invitation,graduation,/graduation/invitations/,BUILD-2
graduation party invitations templates free,320,34,0.68,no,yes,combination,invitation,graduation,/graduation/invitations/,BUILD-2
halloween party invitations templates,320,33,0.00,no,yes,combination,invitation,halloween,/halloween/invitations/,BUILD-2
invites templates for party,320,44,0.60,no,yes,artifact-hub,invitation,,/invitations/,SKIP-KD
party invitation template free,320,41,0.54,yes,yes,artifact-hub,invitation,,/invitations/,SKIP-AIO
printable birthday banner,320,24,0.66,yes,yes,combination,banner,birthday,/birthday/banners/,SKIP-AIO
printable birthday party invitations,320,47,0.78,no,yes,combination,invitation,birthday,/birthday/invitations/,SKIP-KD
birthday banner printable,260,21,0.95,no,yes,combination,banner,birthday,/birthday/banners/,BUILD-1
birthday party invitations template,260,41,0.59,no,yes,combination,invitation,birthday,/birthday/invitations/,SKIP-KD
christmas games for parties printable,260,4,0.00,no,yes,combination,game,christmas,/christmas/games/,BUILD-1
christmas party invitations template,260,40,0.93,no,yes,combination,invitation,christmas,/christmas/invitations/,BUILD-2
christmas party invitations templates,260,29,0.44,no,yes,combination,invitation,christmas,/christmas/invitations/,BUILD-1
christmas printable party games,260,7,0.00,no,yes,combination,game,christmas,/christmas/games/,BUILD-1
engagement party invitation template,260,20,0.90,yes,yes,combination,invitation,engagement,/engagement/invitations/,SKIP-AIO
party invitations template,260,46,0.60,no,yes,artifact-hub,invitation,,/invitations/,SKIP-KD
printable christmas party games,260,5,0.00,yes,yes,combination,game,christmas,/christmas/games/,SKIP-AIO
printable christmas party invitations free,260,38,0.00,no,no,combination,invitation,christmas,/christmas/invitations/,BUILD-2
printable cupcake toppers,260,25,0.56,yes,yes,artifact-hub,topper,,/cupcake-toppers/,SKIP-AIO
printable hen party games,260,9,0.47,no,no,combination,game,bachelorette,/bachelorette/games/,BUILD-1
printable party hat,260,14,0.00,no,yes,artifact-hub,hat,,/party-hats/,BUILD-1
template for party invitation,260,45,0.60,no,yes,artifact-hub,invitation,,/invitations/,SKIP-KD
xmas party invitations templates,260,40,0.44,yes,no,combination,invitation,christmas,/christmas/invitations/,SKIP-AIO
birthday party invite template free,210,44,0.45,no,yes,combination,invitation,birthday,/birthday/invitations/,SKIP-KD
canva party invitation template,210,66,0.65,no,no,artifact-hub,invitation,,/invitations/,SKIP-KD
free birthday party invitations template,210,51,0.45,no,yes,combination,invitation,birthday,/birthday/invitations/,SKIP-KD
free christmas party games printable,210,11,0.00,yes,yes,combination,game,christmas,/christmas/games/,SKIP-AIO
free pool party invite template,210,30,0.38,yes,yes,combination,invitation,pool,/pool/invitations/,SKIP-AIO
free printable birthday banner,210,6,0.48,yes,yes,combination,banner,birthday,/birthday/banners/,SKIP-AIO
free retirement party invitation templates,210,24,0.41,no,yes,combination,invitation,retirement,/retirement/invitations/,BUILD-1
graduation party invitation templates,210,40,1.39,no,yes,combination,invitation,graduation,/graduation/invitations/,BUILD-2
graduation party invite template free,210,32,0.68,no,yes,combination,invitation,graduation,/graduation/invitations/,BUILD-2
halloween party invites templates,210,26,0.00,no,yes,combination,invitation,halloween,/halloween/invitations/,BUILD-1
happy birthday banner printable free,210,23,0.00,no,yes,combination,banner,birthday,/birthday/banners/,BUILD-1
holiday party invitation templates,210,32,0.00,no,yes,artifact-hub,invitation,,/invitations/,BUILD-2
party invitations printable,210,51,1.19,no,yes,artifact-hub,invitation,,/invitations/,SKIP-KD
party invites templates free,210,50,0.54,no,yes,artifact-hub,invitation,,/invitations/,SKIP-KD
party printable paper,210,11,0.34,no,yes,root,,,/,BUILD-1
pool party invitations template,210,29,0.50,no,yes,combination,invitation,pool,/pool/invitations/,BUILD-1
printable bachelorette party games,210,8,0.45,no,no,combination,game,bachelorette,/bachelorette/games/,BUILD-1
printable party games,210,18,0.74,yes,no,artifact-hub,game,,/games/,SKIP-AIO
swim party invitation templates free,210,20,0.38,yes,no,combination,invitation,pool,/pool/invitations/,SKIP-AIO
swim party invitations templates free,210,25,0.38,no,no,combination,invitation,pool,/pool/invitations/,BUILD-1
tea party invitation template,210,32,0.44,no,yes,combination,invitation,tea party,/tea-party/invitations/,BUILD-2
template for christmas party invitation,210,43,0.44,no,yes,combination,invitation,christmas,/christmas/invitations/,SKIP-KD
template for retirement party invitation,210,24,0.56,no,yes,combination,invitation,retirement,/retirement/invitations/,BUILD-1
birthday invitation party template,170,48,0.59,yes,yes,combination,invitation,birthday,/birthday/invitations/,SKIP-AIO
blank party invitation template,170,46,0.49,no,yes,artifact-hub,invitation,,/invitations/,SKIP-KD
christmas party invitation templates free word,170,41,0.00,yes,no,combination,invitation,christmas,/christmas/invitations/,SKIP-AIO
christmas party invitations templates free,170,33,0.50,no,yes,combination,invitation,christmas,/christmas/invitations/,BUILD-2
christmas party invite template free,170,25,0.50,no,yes,combination,invitation,christmas,/christmas/invitations/,BUILD-1
engagement party template invitations,170,28,1.15,no,yes,combination,invitation,engagement,/engagement/invitations/,BUILD-1
free birthday party invite template,170,50,0.45,no,yes,combination,invitation,birthday,/birthday/invitations/,SKIP-KD
free party invitations templates for birthdays,170,50,0.46,no,no,combination,invitation,birthday,/birthday/invitations/,SKIP-KD
free printable birthday party invitations,170,37,0.33,yes,yes,combination,invitation,birthday,/birthday/invitations/,SKIP-AIO
graduation party invitations templates,170,42,1.30,no,yes,combination,invitation,graduation,/graduation/invitations/,SKIP-KD
holiday party invite template,170,46,0.00,no,yes,artifact-hub,invitation,,/invitations/,SKIP-KD
invitation for tea party template,170,30,0.53,no,yes,combination,invitation,tea party,/tea-party/invitations/,BUILD-1
invitations for sleepover party templates,170,18,0.60,no,no,combination,invitation,sleepover,/sleepover/invitations/,BUILD-1
pajama party invitation template,170,20,0.60,no,yes,combination,invitation,sleepover,/sleepover/invitations/,BUILD-1
party hat pattern printable,170,2,0.00,no,yes,artifact-hub,hat,,/party-hats/,BUILD-1
pool party invitation template free,170,28,0.34,no,yes,combination,invitation,pool,/pool/invitations/,BUILD-1
pool party invitation templates,170,29,0.50,no,yes,combination,invitation,pool,/pool/invitations/,BUILD-1
sleepover party invitation template,170,17,0.60,no,yes,combination,invitation,sleepover,/sleepover/invitations/,BUILD-1
surprise party invitation template,170,29,0.68,no,yes,combination,invitation,surprise,/surprise/invitations/,BUILD-1
xmas party invite template free,170,39,0.00,no,yes,combination,invitation,christmas,/christmas/invitations/,BUILD-2
birthday party invitations printable,140,45,0.78,yes,yes,combination,invitation,birthday,/birthday/invitations/,SKIP-AIO
christmas party game printables,140,12,0.00,no,yes,combination,game,christmas,/christmas/games/,BUILD-1
christmas party printable games,140,7,0.00,no,yes,combination,game,christmas,/christmas/games/,BUILD-1
dinner party invitation template,140,28,0.68,no,yes,combination,invitation,dinner,/dinner/invitations/,BUILD-1
football party invitation template,140,16,0.48,no,yes,combination,invitation,super bowl,/super-bowl/invitations/,BUILD-1
free christmas party invitations word templates,140,44,0.00,no,yes,combination,invitation,christmas,/christmas/invitations/,SKIP-KD
free halloween party invitation template,140,22,0.00,no,yes,combination,invitation,halloween,/halloween/invitations/,BUILD-1
free printable party invitations,140,50,0.51,yes,no,artifact-hub,invitation,,/invitations/,SKIP-AIO
free printable xmas party games,140,10,0.00,no,yes,combination,game,christmas,/christmas/games/,BUILD-1
free super bowl party invitation template,140,19,0.00,no,yes,combination,invitation,super bowl,/super-bowl/invitations/,BUILD-1
graduation party invitation templates free download,140,41,0.56,no,yes,combination,invitation,graduation,/graduation/invitations/,SKIP-KD
halloween party invitation templates,140,28,0.00,no,yes,combination,invitation,halloween,/halloween/invitations/,BUILD-1
happy birthday banner free printable,140,18,0.72,no,yes,combination,banner,birthday,/birthday/banners/,BUILD-1
hen party invitation template,140,29,0.70,no,yes,combination,invitation,bachelorette,/bachelorette/invitations/,BUILD-1
holiday party invite template free,140,48,0.48,no,yes,artifact-hub,invitation,,/invitations/,SKIP-KD
kids birthday party invitation template,140,42,0.00,no,yes,combination,invitation,birthday,/birthday/invitations/,SKIP-KD
party hat printable,140,7,0.00,no,yes,artifact-hub,hat,,/party-hats/,BUILD-1
party hat printable template,140,4,0.00,no,yes,artifact-hub,hat,,/party-hats/,BUILD-1
party hat template printable,140,13,0.00,no,yes,artifact-hub,hat,,/party-hats/,BUILD-1
pokemon party invitation template,140,16,0.22,no,yes,artifact-hub,invitation,,/invitations/,BUILD-1
printable birthday party decorations,140,23,0.59,no,yes,combination,decor,birthday,/birthday/decorations/,BUILD-1
printable free birthday banner,140,23,0.48,no,yes,combination,banner,birthday,/birthday/banners/,BUILD-1
pyjama party invitation template free,140,14,0.35,no,yes,combination,invitation,sleepover,/sleepover/invitations/,BUILD-1
sleepover party invitations free templates,140,18,0.45,no,no,combination,invitation,sleepover,/sleepover/invitations/,BUILD-1
slumber party invitation template,140,22,0.51,no,yes,combination,invitation,sleepover,/sleepover/invitations/,BUILD-1
slumber party invitation templates,140,18,0.60,no,yes,combination,invitation,sleepover,/sleepover/invitations/,BUILD-1
super bowl party invitation template,140,16,0.00,no,yes,combination,invitation,super bowl,/super-bowl/invitations/,BUILD-1
super bowl party invitations templates free,140,16,0.00,no,yes,combination,invitation,super bowl,/super-bowl/invitations/,BUILD-1
tea party invitations templates free,140,27,0.51,no,yes,combination,invitation,tea party,/tea-party/invitations/,BUILD-1
western party invitation template,140,14,0.46,no,yes,combination,invitation,western,/western/invitations/,BUILD-1
xmas party invite template,140,31,0.93,no,yes,combination,invitation,christmas,/christmas/invitations/,BUILD-2
children's birthday party invitation template,110,37,0.27,no,yes,combination,invitation,birthday,/birthday/invitations/,BUILD-2
christmas party free invitation templates,110,30,0.50,no,yes,combination,invitation,christmas,/christmas/invitations/,BUILD-1
free birthday printable banner,110,18,0.48,no,yes,combination,banner,birthday,/birthday/banners/,BUILD-1
free christmas party invitation template word,110,43,0.00,no,yes,combination,invitation,christmas,/christmas/invitations/,SKIP-KD
free christmas party invitation templates for word,110,40,0.00,no,yes,combination,invitation,christmas,/christmas/invitations/,BUILD-2
free graduation party invitation templates for word,110,47,0.58,no,yes,combination,invitation,graduation,/graduation/invitations/,SKIP-KD
free holiday party invitation templates,110,36,0.48,no,yes,artifact-hub,invitation,,/invitations/,BUILD-2
free holiday party invite template,110,44,0.55,no,yes,artifact-hub,invitation,,/invitations/,SKIP-KD
free party invitations template,110,47,0.54,no,no,artifact-hub,invitation,,/invitations/,SKIP-KD
free party invitations templates,110,48,0.54,no,yes,artifact-hub,invitation,,/invitations/,SKIP-KD
free pool party invitation templates,110,25,0.38,no,yes,combination,invitation,pool,/pool/invitations/,BUILD-1
free printable banner happy birthday,110,19,0.00,no,yes,combination,banner,birthday,/birthday/banners/,BUILD-1
free printable christmas party games,110,8,0.00,no,yes,combination,game,christmas,/christmas/games/,BUILD-1
free printables for graduation party,110,8,0.72,yes,no,occasion-hub,,graduation,/graduation/,SKIP-AIO
free template for party invitation,110,43,0.54,no,yes,artifact-hub,invitation,,/invitations/,SKIP-KD
free xmas party invitation templates,110,32,0.50,no,yes,combination,invitation,christmas,/christmas/invitations/,BUILD-2
games for a christmas party free printables,110,11,0.00,yes,no,combination,game,christmas,/christmas/games/,SKIP-AIO
happy birthday banner printable pdf,110,22,0.00,no,yes,combination,banner,birthday,/birthday/banners/,BUILD-1
holiday christmas party invitation template,110,25,0.44,yes,yes,combination,invitation,christmas,/christmas/invitations/,SKIP-AIO
holiday party invitation template free,110,37,0.48,no,yes,artifact-hub,invitation,,/invitations/,BUILD-2
housewarming party invite template,110,36,0.43,no,yes,combination,invitation,housewarming,/housewarming/invitations/,BUILD-2
invitation for a party template,110,49,0.60,no,yes,artifact-hub,invitation,,/invitations/,SKIP-KD
new year party invitation template free,110,15,0.00,no,yes,combination,invitation,new year,/new-year/invitations/,BUILD-1
party hat template printable pdf,110,4,0.00,no,yes,artifact-hub,hat,,/party-hats/,BUILD-1
party invitation templates free pdf,110,39,0.38,yes,yes,artifact-hub,invitation,,/invitations/,SKIP-AIO
party planning checklist printable,110,26,0.00,no,yes,artifact-hub,planner,,/planners/,BUILD-1
princess party invitations templates free,110,20,0.32,no,yes,artifact-hub,invitation,,/invitations/,BUILD-1
printable christmas party games for adults,110,15,0.00,yes,yes,combination,game,christmas,/christmas/games/,SKIP-AIO
printable party hat template,110,12,0.00,no,yes,artifact-hub,hat,,/party-hats/,BUILD-1
printable party invites,110,51,1.19,no,yes,artifact-hub,invitation,,/invitations/,SKIP-KD
printable super bowl party games,110,8,0.00,no,yes,combination,game,super bowl,/super-bowl/games/,BUILD-1
retirement party invitation template free,110,22,0.41,no,yes,combination,invitation,retirement,/retirement/invitations/,BUILD-1
retirement party invitation templates,110,27,0.56,no,yes,combination,invitation,retirement,/retirement/invitations/,BUILD-1
super bowl party games printable,110,14,0.00,yes,yes,combination,game,super bowl,/super-bowl/games/,SKIP-AIO
super bowl party invite template,110,10,0.00,no,yes,combination,invitation,super bowl,/super-bowl/invitations/,BUILD-1
super bowl party invite template free,110,16,0.00,no,yes,combination,invitation,super bowl,/super-bowl/invitations/,BUILD-1
template blank hawaiian party invitations,110,25,0.00,no,yes,artifact-hub,invitation,,/invitations/,BUILD-1
13th birthday party invitations templates free,90,24,0.32,yes,yes,combination,invitation,birthday,/birthday/invitations/,SKIP-AIO
21st party invites templates free,90,34,0.32,yes,yes,artifact-hub,invitation,,/invitations/,SKIP-AIO
40th party invitations templates free,90,25,0.32,no,no,artifact-hub,invitation,,/invitations/,BUILD-1
bachelorette party games printable,90,8,0.45,no,yes,combination,game,bachelorette,/bachelorette/games/,BUILD-1
bachelorette party invitation template,90,26,0.73,no,yes,combination,invitation,bachelorette,/bachelorette/invitations/,BUILD-1
birthday party printable invitations,90,45,0.78,no,yes,combination,invitation,birthday,/birthday/invitations/,SKIP-KD
bowling party invitation template free,90,23,0.42,no,yes,artifact-hub,invitation,,/invitations/,BUILD-1
childrens party invite template,90,35,0.76,no,yes,artifact-hub,invitation,,/invitations/,BUILD-2
cupcake toppers printable,90,18,0.47,no,yes,artifact-hub,topper,,/cupcake-toppers/,BUILD-1
free bluey party printables,90,20,0.00,no,yes,root,,,/,BUILD-1
free grad party invite template,90,35,0.68,no,yes,combination,invitation,graduation,/graduation/invitations/,BUILD-2
free happy birthday banner printable,90,17,0.72,no,yes,combination,banner,birthday,/birthday/banners/,BUILD-1
free holiday party invitation template,90,26,0.48,no,yes,artifact-hub,invitation,,/invitations/,BUILD-1
free holiday party invitations templates,90,38,0.55,no,yes,artifact-hub,invitation,,/invitations/,BUILD-2
free pizza party invitation template,90,11,0.45,no,yes,artifact-hub,invitation,,/invitations/,BUILD-1
free printable cupcake toppers,90,21,0.00,yes,no,artifact-hub,topper,,/cupcake-toppers/,SKIP-AIO
free printable holiday party invitations,90,43,0.00,no,yes,artifact-hub,invitation,,/invitations/,SKIP-KD
free retirement party invitation template,90,28,0.38,no,yes,combination,invitation,retirement,/retirement/invitations/,BUILD-1
free retirement party invitation templates for word,90,31,0.30,no,yes,combination,invitation,retirement,/retirement/invitations/,BUILD-2
going away party invitation template,90,17,0.82,no,yes,artifact-hub,invitation,,/invitations/,BUILD-1
happy birthday printable banner pdf,90,23,0.00,no,yes,combination,banner,birthday,/birthday/banners/,BUILD-1
hawaiian party invitation template free,90,22,0.34,no,yes,artifact-hub,invitation,,/invitations/,BUILD-1
housewarming party invitation template free,90,28,0.48,no,yes,combination,invitation,housewarming,/housewarming/invitations/,BUILD-1
minecraft cupcake toppers printable,90,0,0.00,no,yes,artifact-hub,topper,,/cupcake-toppers/,BUILD-1
pajama party invitation templates free,90,16,0.45,no,yes,combination,invitation,sleepover,/sleepover/invitations/,BUILD-1
pizza party invitation template,90,15,0.50,no,yes,artifact-hub,invitation,,/invitations/,BUILD-1
printable christmas party invitations,90,32,0.00,no,yes,combination,invitation,christmas,/christmas/invitations/,BUILD-2
printable decorations for birthday party,90,13,0.59,no,no,combination,decor,birthday,/birthday/decorations/,BUILD-1
printable engagement party games,90,0,0.45,no,yes,combination,game,engagement,/engagement/games/,BUILD-1
printable games for christmas party,90,6,0.00,no,yes,combination,game,christmas,/christmas/games/,BUILD-1
printable invitations christmas party,90,32,0.00,no,no,combination,invitation,christmas,/christmas/invitations/,BUILD-2
printable party,90,18,1.38,no,yes,root,,,/,BUILD-1
printable party games for adults,90,10,0.30,no,yes,artifact-hub,game,,/games/,BUILD-1
printable party planning checklist,90,34,0.00,no,yes,artifact-hub,planner,,/planners/,BUILD-2
printable xmas party invitations,90,24,0.00,no,yes,combination,invitation,christmas,/christmas/invitations/,BUILD-1
slumber party invitation free template,90,18,0.35,no,yes,combination,invitation,sleepover,/sleepover/invitations/,BUILD-1
superbowl party invitation template free,90,12,0.00,no,yes,artifact-hub,invitation,,/invitations/,BUILD-1
tea party invite template,90,28,0.46,no,yes,combination,invitation,tea party,/tea-party/invitations/,BUILD-1
xmas party invitation template free,90,28,0.00,no,yes,combination,invitation,christmas,/christmas/invitations/,BUILD-1
1st birthday party invitation template,70,29,0.59,no,yes,combination,invitation,birthday,/birthday/invitations/,BUILD-1
1st birthday party invitation templates,70,26,0.59,no,yes,combination,invitation,birthday,/birthday/invitations/,BUILD-1
30th party invitation templates free,70,28,0.42,no,yes,artifact-hub,invitation,,/invitations/,BUILD-1
birthday party invitation template word,70,47,0.48,no,yes,combination,invitation,birthday,/birthday/invitations/,SKIP-KD
birthday party invitation templates free,70,50,0.45,no,yes,combination,invitation,birthday,/birthday/invitations/,SKIP-KD
birthday printable party invitations,70,43,0.78,no,no,combination,invitation,birthday,/birthday/invitations/,SKIP-KD
blank mad hatter tea party invitations templates free,70,21,0.00,no,yes,combination,invitation,tea party,/tea-party/invitations/,BUILD-1
blank mexican party invitation template,70,18,0.00,yes,yes,artifact-hub,invitation,,/invitations/,SKIP-AIO
christmas party games free printable,70,7,0.00,yes,yes,combination,game,christmas,/christmas/games/,SKIP-AIO
dinner party invitation templates,70,20,0.49,no,yes,combination,invitation,dinner,/dinner/invitations/,BUILD-1
engagement party invite template,70,28,0.90,no,yes,combination,invitation,engagement,/engagement/invitations/,BUILD-1
free bachelorette party games printable,70,11,0.00,yes,no,combination,game,bachelorette,/bachelorette/games/,SKIP-AIO
free birthday banner printable,70,19,0.68,no,yes,combination,banner,birthday,/birthday/banners/,BUILD-1
free birthday party invitation template,70,50,0.45,yes,no,combination,invitation,birthday,/birthday/invitations/,SKIP-AIO
free christmas party invitations templates,70,30,0.49,no,yes,combination,invitation,christmas,/christmas/invitations/,BUILD-1
free halloween party invite template,70,28,0.00,no,yes,combination,invitation,halloween,/halloween/invitations/,BUILD-1
free party invitation printables,70,41,0.48,no,yes,artifact-hub,invitation,,/invitations/,SKIP-KD
free party invite template,70,43,0.44,yes,yes,artifact-hub,invitation,,/invitations/,SKIP-AIO
free printable bachelorette party games,70,9,0.00,no,no,combination,game,bachelorette,/bachelorette/games/,BUILD-1
free printable christmas party invitation template,70,33,0.00,no,yes,combination,invitation,christmas,/christmas/invitations/,BUILD-2
free printable christmas party invitations,70,43,0.00,no,yes,combination,invitation,christmas,/christmas/invitations/,SKIP-KD
free printable games for christmas party,70,7,0.00,no,yes,combination,game,christmas,/christmas/games/,BUILD-1
free printable party hat template,70,5,0.00,no,yes,artifact-hub,hat,,/party-hats/,BUILD-1
free printable printable party hat template,70,2,0.00,no,yes,artifact-hub,hat,,/party-hats/,BUILD-1
free printable tea party games for adults,70,1,0.00,yes,yes,combination,game,tea party,/tea-party/games/,SKIP-AIO
free printable xmas party invitations,70,37,0.00,yes,no,combination,invitation,christmas,/christmas/invitations/,SKIP-AIO
free tea party printables,70,15,0.00,yes,yes,occasion-hub,,tea party,/tea-party/,SKIP-AIO
free template for retirement party invitation,70,22,0.41,no,yes,combination,invitation,retirement,/retirement/invitations/,BUILD-1
gaming party invitation template free,70,16,0.00,no,yes,artifact-hub,invitation,,/invitations/,BUILD-1
garden party invitation template,70,23,0.62,no,yes,artifact-hub,invitation,,/invitations/,BUILD-1
glow party invitation template free,70,13,0.51,no,yes,artifact-hub,invitation,,/invitations/,BUILD-1
graduation party invitation template free,70,34,0.76,no,yes,combination,invitation,graduation,/graduation/invitations/,BUILD-2
grinch party invitation template free,70,11,0.00,no,yes,artifact-hub,invitation,,/invitations/,BUILD-1
happy birthday banner printable black and white,70,23,0.00,no,yes,combination,banner,birthday,/birthday/banners/,BUILD-1
happy birthday printable banner black and white,70,18,0.00,no,yes,combination,banner,birthday,/birthday/banners/,BUILD-1
hello kitty cupcake toppers printable,70,7,0.00,no,yes,artifact-hub,topper,,/cupcake-toppers/,BUILD-1
holiday party invitation free template,70,29,0.55,no,yes,artifact-hub,invitation,,/invitations/,BUILD-1
holiday party invitations template free,70,37,0.48,no,yes,artifact-hub,invitation,,/invitations/,BUILD-2
invitation christmas party template,70,36,0.44,no,yes,combination,invitation,christmas,/christmas/invitations/,BUILD-2
invitations for birthday party printable,70,45,0.78,yes,yes,combination,invitation,birthday,/birthday/invitations/,SKIP-AIO
invite party template,70,45,0.54,no,yes,artifact-hub,invitation,,/invitations/,SKIP-KD
joint birthday party invitations templates free,70,26,0.44,no,yes,combination,invitation,birthday,/birthday/invitations/,BUILD-1
masquerade party invitations templates,70,20,0.64,no,no,artifact-hub,invitation,,/invitations/,BUILD-1
mexican party invitation template,70,22,0.50,no,yes,artifact-hub,invitation,,/invitations/,BUILD-1
minecraft party ideas printables,70,11,0.00,no,yes,root,,,/,BUILD-1
minecraft party printables,70,5,0.00,no,yes,root,,,/,BUILD-1
party invitations templates free,70,43,0.54,no,yes,artifact-hub,invitation,,/invitations/,SKIP-KD
party planner checklist printable,70,40,0.00,no,yes,artifact-hub,planner,,/planners/,BUILD-2
pdf free printable party planning worksheet,70,12,0.00,no,yes,root,,,/,BUILD-1
printable adult christmas party games,70,14,0.00,yes,yes,combination,game,christmas,/christmas/games/,SKIP-AIO
printable christmas party invitation,70,38,0.00,no,yes,combination,invitation,christmas,/christmas/invitations/,BUILD-2
printable hello kitty cupcake toppers,70,9,0.00,no,yes,artifact-hub,topper,,/cupcake-toppers/,BUILD-1
printable minecraft party food,70,4,0.00,no,yes,root,,,/,BUILD-1
printable party decorations,70,24,0.49,no,yes,artifact-hub,decor,,/decorations/,BUILD-1
printable party games adults,70,8,0.00,no,no,artifact-hub,game,,/games/,BUILD-1
retirement party invitations templates,70,19,0.54,no,yes,combination,invitation,retirement,/retirement/invitations/,BUILD-1
retirement party invite template free,70,25,0.38,no,yes,combination,invitation,retirement,/retirement/invitations/,BUILD-1
slumber party invitations templates free,70,17,0.35,no,no,combination,invitation,sleepover,/sleepover/invitations/,BUILD-1
summer party invitation template,70,16,0.64,no,yes,combination,invitation,pool,/pool/invitations/,BUILD-1
summer party invitations templates free,70,33,0.43,no,yes,combination,invitation,pool,/pool/invitations/,BUILD-2
summer party invite template,70,29,0.00,no,yes,combination,invitation,pool,/pool/invitations/,BUILD-1
tea party invitation templates,70,27,0.46,no,yes,combination,invitation,tea party,/tea-party/invitations/,BUILD-1
tea party invitations templates,70,30,0.50,no,yes,combination,invitation,tea party,/tea-party/invitations/,BUILD-1
tea party invitations templates free pdf,70,28,0.31,no,yes,combination,invitation,tea party,/tea-party/invitations/,BUILD-1
template for party invite,70,51,0.60,no,yes,artifact-hub,invitation,,/invitations/,SKIP-KD
template holiday party invitation,70,27,0.00,no,yes,artifact-hub,invitation,,/invitations/,BUILD-1
